CSEARCH time (seconds),Molecule,Mult,Overall charge,RDKit-Initial-samples,RDKit-RMSD-and-energy-duplicates,RDKit-Unique-conformers,RDKit-energy-window,RDKit-initial_energy_threshold,Real charge,status,update_to_rdkit
129.54,mol_1,1.0,,1380,0,3,1377,0,0.0,1.0,False
2.28,mol_2,1.0,,240,0,1,153,86,0.0,1.0,False
4.04,mol_3,1.0,,420,0,5,332,83,0.0,1.0,False
0.33,mol_4,1.0,,20,0,1,0,19,0.0,1.0,False
0.02,mol_5,1.0,,20,0,1,0,19,0.0,1.0,False
0.05,mol_6,1.0,,20,0,1,0,19,0.0,1.0,False
0.31,mol_7,1.0,,60,0,1,0,59,0.0,1.0,False
12.19,mol_8,1.0,,420,5,6,391,18,0.0,1.0,False
2.11,mol_9,1.0,,240,0,1,204,35,0.0,1.0,False
16.15,mol_10,1.0,,360,0,18,163,179,0.0,1.0,False
0.24,mol_11,1.0,,120,0,1,0,119,0.0,1.0,False
0.08,mol_12,1.0,,20,0,1,0,19,0.0,1.0,False
0.37,mol_13,1.0,,180,0,4,9,167,0.0,1.0,False
4.19,mol_14,1.0,,360,0,1,255,104,0.0,1.0,False
21.33,mol_15,1.0,,780,0,29,748,3,0.0,1.0,False
0.24,mol_16,1.0,,120,0,1,0,119,0.0,1.0,False
1.18,mol_17,1.0,,360,4,17,57,282,0.0,1.0,False
0.06,mol_18,1.0,,20,0,1,0,19,0.0,1.0,False
23.15,mol_19,1.0,,720,0,10,602,108,0.0,1.0,False
11.65,mol_20,1.0,,720,3,8,704,5,0.0,1.0,False
0.32,mol_21,1.0,,60,0,1,0,59,0.0,1.0,False
2.8,mol_22,1.0,,180,0,2,122,56,0.0,1.0,False
11.48,mol_23,1.0,,660,6,31,279,344,0.0,1.0,False
2.93,mol_24,1.0,,360,0,2,181,177,0.0,1.0,False
11.66,mol_25,1.0,,600,0,7,320,273,0.0,1.0,False
2.89,mol_26,1.0,,480,3,9,397,71,0.0,1.0,False
1.06,mol_27,1.0,,180,0,1,0,179,0.0,1.0,False
6.3,mol_28,1.0,,540,0,8,338,194,0.0,1.0,False
1.07,mol_29,1.0,,120,1,1,0,118,0.0,1.0,False
5.0,mol_30,1.0,,480,0,14,373,93,0.0,1.0,False
1.44,mol_31,1.0,,240,0,2,0,238,0.0,1.0,False
14.0,mol_32,1.0,,540,3,10,292,235,0.0,1.0,False
10.45,mol_33,1.0,,420,2,6,0,412,0.0,1.0,False
0.02,mol_34,1.0,,20,0,1,0,19,0.0,1.0,False
0.51,mol_35,1.0,,60,0,1,0,59,0.0,1.0,False
0.59,mol_36,1.0,,240,0,6,80,154,0.0,1.0,False
1.15,mol_37,1.0,,180,0,1,0,179,0.0,1.0,False
10.8,mol_38,1.0,,480,7,16,345,112,0.0,1.0,False
38.92,mol_39,1.0,,780,0,13,766,1,0.0,1.0,False
1.43,mol_40,1.0,,360,0,2,326,32,0.0,1.0,False
0.32,mol_41,1.0,,60,0,1,0,59,0.0,1.0,False
0.74,mol_42,1.0,,300,3,15,109,173,0.0,1.0,False
1.31,mol_43,1.0,,240,0,1,0,239,0.0,1.0,False
4.54,mol_44,1.0,,420,1,4,387,28,0.0,1.0,False
0.35,mol_45,1.0,,180,0,1,0,179,0.0,1.0,False
2.9,mol_46,1.0,,480,3,15,334,128,0.0,1.0,False
0.71,mol_47,1.0,,180,0,1,0,179,0.0,1.0,False
1.68,mol_48,1.0,,240,0,1,0,239,0.0,1.0,False
19.63,mol_49,1.0,,540,0,2,452,86,0.0,1.0,False
0.74,mol_50,1.0,,120,0,1,0,119,0.0,1.0,False
1.36,mol_51,1.0,,300,0,10,117,173,0.0,1.0,False
5.36,mol_52,1.0,,360,0,2,267,91,0.0,1.0,False
0.21,mol_53,1.0,,20,0,1,0,19,0.0,1.0,False
3.29,mol_54,1.0,,360,0,2,256,102,0.0,1.0,False
0.31,mol_55,1.0,,60,0,1,0,59,0.0,1.0,False
0.47,mol_56,1.0,,180,0,2,0,178,0.0,1.0,False
1.99,mol_57,1.0,,240,0,2,34,204,0.0,1.0,False
0.71,mol_58,1.0,,120,0,1,0,119,0.0,1.0,False
0.8,mol_59,1.0,,60,0,1,0,59,0.0,1.0,False
0.63,mol_60,1.0,,240,0,4,0,236,0.0,1.0,False
0.3,mol_61,1.0,,60,0,1,0,59,0.0,1.0,False
1.28,mol_62,1.0,,300,0,7,85,208,0.0,1.0,False
51.9,mol_63,1.0,,900,0,1,899,0,0.0,1.0,False
1.07,mol_64,1.0,,300,0,1,0,299,0.0,1.0,False
7.08,mol_65,1.0,,360,0,2,140,218,0.0,1.0,False
10.19,mol_66,1.0,,300,0,2,217,81,0.0,1.0,False
7.27,mol_67,1.0,,540,0,8,328,204,0.0,1.0,False
0.43,mol_68,1.0,,180,0,1,69,110,0.0,1.0,False
3.71,mol_69,1.0,,480,0,3,431,46,0.0,1.0,False
0.35,mol_70,1.0,,60,0,1,0,59,0.0,1.0,False
2.23,mol_71,1.0,,300,0,1,213,86,0.0,1.0,False
1.49,mol_72,1.0,,180,0,2,3,175,0.0,1.0,False
2.36,mol_73,1.0,,300,0,1,0,299,0.0,1.0,False
4.81,mol_74,1.0,,360,0,2,177,181,0.0,1.0,False
2.13,mol_75,1.0,,360,0,12,163,185,0.0,1.0,False
2.02,mol_76,1.0,,360,0,7,52,301,0.0,1.0,False
42.51,mol_77,1.0,,660,0,19,588,53,0.0,1.0,False
0.4,mol_78,1.0,,60,0,2,0,58,0.0,1.0,False
0.13,mol_79,1.0,,120,0,2,0,118,0.0,1.0,False
8.83,mol_80,1.0,,420,0,13,398,9,0.0,1.0,False
5.25,mol_81,1.0,,480,1,15,428,36,0.0,1.0,False
0.19,mol_82,1.0,,60,0,1,0,59,0.0,1.0,False
0.22,mol_83,1.0,,240,0,1,0,239,0.0,1.0,False
0.41,mol_84,1.0,,120,2,1,0,117,0.0,1.0,False
1.43,mol_85,1.0,,240,0,2,99,139,0.0,1.0,False
0.02,mol_86,1.0,,20,0,1,0,19,0.0,1.0,False
53.48,mol_87,1.0,,660,0,3,656,1,0.0,1.0,False
0.38,mol_88,1.0,,180,0,2,0,178,0.0,1.0,False
2.89,mol_89,1.0,,300,0,5,227,68,0.0,1.0,False
2.22,mol_90,1.0,,180,0,2,5,173,0.0,1.0,False
0.14,mol_91,1.0,,60,0,1,0,59,0.0,1.0,False
10.03,mol_92,1.0,,600,0,19,407,174,0.0,1.0,False
0.18,mol_93,1.0,,20,0,1,0,19,0.0,1.0,False
1.64,mol_94,1.0,,360,0,3,120,237,0.0,1.0,False
0.75,mol_95,1.0,,120,0,1,0,119,0.0,1.0,False
15.35,mol_96,1.0,,600,4,6,119,471,0.0,1.0,False
0.08,mol_97,1.0,,20,0,1,0,19,0.0,1.0,False
0.34,mol_98,1.0,,60,0,2,0,58,0.0,1.0,False
0.39,mol_99,1.0,,120,0,1,0,119,0.0,1.0,False
0.78,mol_100,1.0,,180,0,1,0,179,0.0,1.0,False
28.62,mol_101,1.0,,540,0,3,530,7,0.0,1.0,False
0.09,mol_102,1.0,,20,0,1,0,19,0.0,1.0,False
3.11,mol_103,1.0,,540,0,4,517,19,0.0,1.0,False
0.01,mol_104,1.0,,20,0,1,0,19,0.0,1.0,False
0.72,mol_105,1.0,,120,0,1,28,91,0.0,1.0,False
0.04,mol_106,1.0,,60,0,1,0,59,0.0,1.0,False
0.44,mol_107,1.0,,180,0,1,96,83,0.0,1.0,False
0.43,mol_108,1.0,,180,0,1,0,179,0.0,1.0,False
0.04,mol_109,1.0,,20,0,1,0,19,0.0,1.0,False
11.08,mol_110,1.0,,660,0,2,657,1,0.0,1.0,False
0.2,mol_111,1.0,,120,0,1,0,119,0.0,1.0,False
3.91,mol_112,1.0,,360,0,3,8,349,0.0,1.0,False
0.63,mol_113,1.0,,240,0,2,37,201,0.0,1.0,False
0.25,mol_114,1.0,,120,0,1,0,119,0.0,1.0,False
1.49,mol_115,1.0,,180,0,1,0,179,0.0,1.0,False
0.92,mol_116,1.0,,180,0,1,0,179,0.0,1.0,False
0.1,mol_117,1.0,,20,0,1,0,19,0.0,1.0,False
19.33,mol_118,1.0,,660,0,3,641,16,0.0,1.0,False
3.65,mol_119,1.0,,360,0,9,163,188,0.0,1.0,False
0.34,mol_120,1.0,,60,0,1,0,59,0.0,1.0,False
0.75,mol_121,1.0,,240,0,3,59,178,0.0,1.0,False
2.95,mol_122,1.0,,420,0,1,286,133,0.0,1.0,False
0.06,mol_123,1.0,,20,0,1,0,19,0.0,1.0,False
0.5,mol_124,1.0,,180,0,2,0,178,0.0,1.0,False
4.68,mol_125,1.0,,480,0,11,433,36,0.0,1.0,False
5.58,mol_126,1.0,,480,0,6,412,62,0.0,1.0,False
9.74,mol_127,1.0,,600,3,7,111,479,0.0,1.0,False
28.2,mol_128,1.0,,540,0,8,529,3,0.0,1.0,False
0.08,mol_129,1.0,,20,0,1,0,19,0.0,1.0,False
1.87,mol_130,1.0,,360,0,6,287,67,0.0,1.0,False
0.4,mol_131,1.0,,120,0,1,0,119,0.0,1.0,False
45.16,mol_132,1.0,,780,0,1,779,0,0.0,1.0,False
5.81,mol_133,1.0,,420,2,8,227,183,0.0,1.0,False
2.54,mol_134,1.0,,360,0,12,44,304,0.0,1.0,False
1.39,mol_135,1.0,,180,0,3,21,156,0.0,1.0,False
0.09,mol_136,1.0,,20,0,1,0,19,0.0,1.0,False
0.82,mol_137,1.0,,120,1,1,0,118,0.0,1.0,False
0.94,mol_138,1.0,,240,0,1,0,239,0.0,1.0,False
0.03,mol_139,1.0,,20,0,1,0,19,0.0,1.0,False
0.08,mol_140,1.0,,20,0,1,0,19,0.0,1.0,False
0.37,mol_141,1.0,,180,0,2,0,178,0.0,1.0,False
0.37,mol_142,1.0,,120,0,1,0,119,0.0,1.0,False
0.01,mol_143,1.0,,20,0,1,0,19,0.0,1.0,False
0.82,mol_144,1.0,,180,0,1,114,65,0.0,1.0,False
0.43,mol_145,1.0,,120,1,1,0,118,0.0,1.0,False
0.3,mol_146,1.0,,120,0,2,0,118,0.0,1.0,False
0.06,mol_147,1.0,,120,0,1,0,119,0.0,1.0,False
8.84,mol_148,1.0,,600,0,9,345,246,0.0,1.0,False
0.36,mol_149,1.0,,180,0,2,0,178,0.0,1.0,False
0.19,mol_150,1.0,,120,0,1,0,119,0.0,1.0,False
14.14,mol_151,1.0,,720,1,5,709,5,0.0,1.0,False
0.72,mol_152,1.0,,240,1,2,0,237,0.0,1.0,False
1.86,mol_153,1.0,,420,4,8,272,136,0.0,1.0,False
0.62,mol_154,1.0,,240,0,7,55,178,0.0,1.0,False
0.06,mol_155,1.0,,60,0,1,8,51,0.0,1.0,False
0.68,mol_156,1.0,,240,0,4,15,221,0.0,1.0,False
0.75,mol_157,1.0,,120,0,2,32,86,0.0,1.0,False
0.2,mol_158,1.0,,180,0,1,0,179,0.0,1.0,False
2.18,mol_159,1.0,,360,0,5,164,191,0.0,1.0,False
0.15,mol_160,1.0,,60,0,1,0,59,0.0,1.0,False
3.42,mol_161,1.0,,300,0,1,0,299,0.0,1.0,False
27.65,mol_162,1.0,,540,10,6,405,119,0.0,1.0,False
1.12,mol_163,1.0,,300,0,9,138,153,0.0,1.0,False
5.25,mol_164,1.0,,480,2,8,215,255,0.0,1.0,False
4.34,mol_165,1.0,,300,0,4,0,296,0.0,1.0,False
6.78,mol_166,1.0,,540,0,3,523,14,0.0,1.0,False
0.36,mol_167,1.0,,60,0,1,0,59,0.0,1.0,False
66.32,mol_168,1.0,,780,0,8,771,1,0.0,1.0,False
0.26,mol_169,1.0,,120,0,1,0,119,0.0,1.0,False
11.14,mol_170,1.0,,480,0,2,440,38,0.0,1.0,False
0.06,mol_171,1.0,,20,0,1,0,19,0.0,1.0,False
12.04,mol_172,1.0,,720,0,10,579,131,0.0,1.0,False
27.91,mol_173,1.0,,540,1,6,531,2,0.0,1.0,False
0.07,mol_174,1.0,,20,0,1,0,19,0.0,1.0,False
17.89,mol_175,1.0,,600,0,8,584,8,0.0,1.0,False
54.19,mol_176,1.0,,720,0,17,683,20,0.0,1.0,False
1.14,mol_177,1.0,,180,0,1,0,179,0.0,1.0,False
6.62,mol_178,1.0,,540,0,5,382,153,0.0,1.0,False
4.63,mol_179,1.0,,480,0,15,322,143,0.0,1.0,False
3.87,mol_180,1.0,,300,0,3,155,142,0.0,1.0,False
1.16,mol_181,1.0,,300,0,4,50,246,0.0,1.0,False
53.14,mol_182,1.0,,720,0,1,712,7,0.0,1.0,False
2.54,mol_183,1.0,,180,0,2,0,178,0.0,1.0,False
0.01,mol_184,1.0,,20,0,1,0,19,0.0,1.0,False
5.35,mol_185,1.0,,420,0,7,310,103,0.0,1.0,False
17.09,mol_186,1.0,,420,0,2,416,2,0.0,1.0,False
0.05,mol_187,1.0,,20,0,1,0,19,0.0,1.0,False
0.03,mol_188,1.0,,20,0,1,0,19,0.0,1.0,False
66.07,mol_189,1.0,,660,0,1,659,0,0.0,1.0,False
0.99,mol_190,1.0,,300,1,1,150,148,0.0,1.0,False
11.14,mol_191,1.0,,600,0,42,534,24,0.0,1.0,False
16.46,mol_192,1.0,,600,0,7,525,68,0.0,1.0,False
5.56,mol_193,1.0,,420,3,3,59,355,0.0,1.0,False
0.32,mol_194,1.0,,180,0,3,0,177,0.0,1.0,False
0.51,mol_195,1.0,,120,1,1,0,118,0.0,1.0,False
8.51,mol_196,1.0,,300,0,2,79,219,0.0,1.0,False
0.4,mol_197,1.0,,180,0,4,16,160,0.0,1.0,False
2.27,mol_198,1.0,,360,0,13,215,132,0.0,1.0,False
0.14,mol_199,1.0,,60,0,1,0,59,0.0,1.0,False
1.84,mol_200,1.0,,360,0,1,0,359,0.0,1.0,False
6.7,mol_201,1.0,,480,2,4,0,474,0.0,1.0,False
0.31,mol_202,1.0,,300,0,1,202,97,0.0,1.0,False
0.02,mol_203,1.0,,20,0,1,0,19,0.0,1.0,False
11.49,mol_204,1.0,,540,0,13,204,323,0.0,1.0,False
19.0,mol_205,1.0,,780,0,17,733,30,0.0,1.0,False
0.12,mol_206,1.0,,60,0,1,30,29,0.0,1.0,False
0.26,mol_207,1.0,,120,0,1,0,119,0.0,1.0,False
0.46,mol_208,1.0,,120,0,2,0,118,0.0,1.0,False
0.03,mol_209,1.0,,20,0,1,0,19,0.0,1.0,False
0.12,mol_210,1.0,,120,0,2,0,118,0.0,1.0,False
0.35,mol_211,1.0,,180,0,2,0,178,0.0,1.0,False
0.57,mol_212,1.0,,120,0,1,41,78,0.0,1.0,False
2.34,mol_213,1.0,,300,0,1,0,299,0.0,1.0,False
3.17,mol_214,1.0,,360,0,1,0,359,0.0,1.0,False
69.25,mol_215,1.0,,1020,0,26,994,0,0.0,1.0,False
0.34,mol_216,1.0,,60,0,1,0,59,0.0,1.0,False
0.35,mol_217,1.0,,120,0,1,0,119,0.0,1.0,False
1.23,mol_218,1.0,,180,0,3,23,154,0.0,1.0,False
14.01,mol_219,1.0,,600,5,13,511,71,0.0,1.0,False
165.56,mol_220,1.0,,1020,0,1,1019,0,0.0,1.0,False
0.47,mol_221,1.0,,20,0,1,0,19,0.0,1.0,False
0.69,mol_222,1.0,,180,0,1,0,179,0.0,1.0,False
0.08,mol_223,1.0,,20,0,1,0,19,0.0,1.0,False
5.65,mol_224,1.0,,360,4,4,69,283,0.0,1.0,False
0.4,mol_225,1.0,,120,0,1,0,119,0.0,1.0,False
3.79,mol_226,1.0,,240,0,1,54,185,0.0,1.0,False
14.97,mol_227,1.0,,660,0,3,543,114,0.0,1.0,False
0.19,mol_228,1.0,,120,0,1,16,103,0.0,1.0,False
6.08,mol_229,1.0,,540,3,16,373,148,0.0,1.0,False
8.78,mol_230,1.0,,540,0,18,113,409,0.0,1.0,False
0.63,mol_231,1.0,,180,1,2,63,114,0.0,1.0,False
2.15,mol_232,1.0,,360,0,5,74,281,0.0,1.0,False
18.5,mol_233,1.0,,480,0,5,473,2,0.0,1.0,False
10.75,mol_234,1.0,,1020,0,6,1014,0,0.0,1.0,False
0.93,mol_235,1.0,,120,0,1,0,119,0.0,1.0,False
5.12,mol_236,1.0,,540,0,12,376,152,0.0,1.0,False
0.95,mol_237,1.0,,240,0,1,153,86,0.0,1.0,False
2.04,mol_238,1.0,,360,0,10,25,325,0.0,1.0,False
0.23,mol_239,1.0,,60,0,1,0,59,0.0,1.0,False
0.25,mol_240,1.0,,120,0,1,0,119,0.0,1.0,False
0.17,mol_241,1.0,,60,0,1,12,47,0.0,1.0,False
0.86,mol_242,1.0,,240,2,1,0,237,0.0,1.0,False
0.02,mol_243,1.0,,20,0,1,0,19,0.0,1.0,False
3.14,mol_244,1.0,,240,0,3,0,237,0.0,1.0,False
6.52,mol_245,1.0,,540,0,17,453,70,0.0,1.0,False
10.19,mol_246,1.0,,600,0,10,445,145,0.0,1.0,False
2.41,mol_247,1.0,,360,0,2,0,358,0.0,1.0,False
0.04,mol_248,1.0,,20,0,1,0,19,0.0,1.0,False
1.88,mol_249,1.0,,120,0,1,60,59,0.0,1.0,False
0.54,mol_250,1.0,,240,0,1,115,124,0.0,1.0,False
2.74,mol_251,1.0,,180,0,2,55,123,0.0,1.0,False
0.1,mol_252,1.0,,120,0,1,0,119,0.0,1.0,False
0.14,mol_253,1.0,,60,0,1,0,59,0.0,1.0,False
0.44,mol_254,1.0,,240,0,2,0,238,0.0,1.0,False
36.16,mol_255,1.0,,540,0,1,534,5,0.0,1.0,False
3.09,mol_256,1.0,,480,1,2,289,188,0.0,1.0,False
0.08,mol_257,1.0,,20,0,1,0,19,0.0,1.0,False
1.04,mol_258,1.0,,240,0,1,101,138,0.0,1.0,False
4.16,mol_259,1.0,,300,0,1,0,299,0.0,1.0,False
2.07,mol_260,1.0,,120,0,2,0,118,0.0,1.0,False
18.48,mol_261,1.0,,600,0,2,564,34,0.0,1.0,False
6.53,mol_262,1.0,,360,0,4,0,356,0.0,1.0,False
3.84,mol_263,1.0,,240,0,1,222,17,0.0,1.0,False
33.72,mol_264,1.0,,600,0,25,331,244,0.0,1.0,False
1.96,mol_265,1.0,,240,0,1,0,239,0.0,1.0,False
7.34,mol_266,1.0,,360,0,2,313,45,0.0,1.0,False
85.0,mol_267,1.0,,900,0,1,899,0,0.0,1.0,False
0.51,mol_268,1.0,,180,0,3,56,121,0.0,1.0,False
0.04,mol_269,1.0,,20,0,1,0,19,0.0,1.0,False
1.18,mol_270,1.0,,300,0,3,9,288,0.0,1.0,False
5.68,mol_271,1.0,,360,0,9,283,68,0.0,1.0,False
0.3,mol_272,1.0,,120,0,1,0,119,0.0,1.0,False
29.1,mol_273,1.0,,540,0,6,530,4,0.0,1.0,False
7.3,mol_274,1.0,,540,0,14,339,187,0.0,1.0,False
6.67,mol_275,1.0,,480,0,18,100,362,0.0,1.0,False
0.06,mol_276,1.0,,20,0,1,0,19,0.0,1.0,False
10.92,mol_277,1.0,,1020,0,6,1014,0,0.0,1.0,False
0.21,mol_278,1.0,,120,0,2,0,118,0.0,1.0,False
0.04,mol_279,1.0,,60,0,1,31,28,0.0,1.0,False
6.4,mol_280,1.0,,300,1,1,0,298,0.0,1.0,False
1.12,mol_281,1.0,,300,0,1,221,78,0.0,1.0,False
0.36,mol_282,1.0,,120,0,1,0,119,0.0,1.0,False
6.8,mol_283,1.0,,540,0,1,400,139,0.0,1.0,False
0.85,mol_284,1.0,,180,0,1,50,129,0.0,1.0,False
1.82,mol_285,1.0,,360,0,12,230,118,0.0,1.0,False
2.99,mol_286,1.0,,420,0,2,180,238,0.0,1.0,False
1.56,mol_287,1.0,,180,0,2,0,178,0.0,1.0,False
0.04,mol_288,1.0,,60,0,2,0,58,0.0,1.0,False
7.08,mol_289,1.0,,360,0,4,1,355,0.0,1.0,False
0.53,mol_290,1.0,,60,0,1,0,59,0.0,1.0,False
18.33,mol_291,1.0,,600,0,11,586,3,0.0,1.0,False
0.8,mol_292,1.0,,240,1,2,0,237,0.0,1.0,False
19.17,mol_293,1.0,,720,0,16,661,43,0.0,1.0,False
7.2,mol_294,1.0,,300,1,1,254,44,0.0,1.0,False
21.18,mol_295,1.0,,600,0,2,597,1,0.0,1.0,False
0.61,mol_296,1.0,,180,0,1,0,179,0.0,1.0,False
1.11,mol_297,1.0,,300,0,9,134,157,0.0,1.0,False
0.33,mol_298,1.0,,60,0,1,0,59,0.0,1.0,False
239.95,mol_299,1.0,,1980,0,1,1979,0,0.0,1.0,False
230.82,mol_300,1.0,,1500,0,4,1496,0,0.0,1.0,False
2.71,mol_301,1.0,,180,0,2,0,178,0.0,1.0,False
0.04,mol_302,1.0,,60,0,1,0,59,0.0,1.0,False
1.97,mol_303,1.0,,420,1,1,244,174,0.0,1.0,False
24.5,mol_304,1.0,,720,0,10,391,319,0.0,1.0,False
0.19,mol_305,1.0,,60,0,1,56,3,0.0,1.0,False
33.58,mol_306,1.0,,840,0,3,827,10,0.0,1.0,False
0.04,mol_307,1.0,,20,0,1,0,19,0.0,1.0,False
0.01,mol_308,1.0,,20,0,1,0,19,0.0,1.0,False
0.12,mol_309,1.0,,60,0,1,0,59,0.0,1.0,False
1.14,mol_310,1.0,,180,4,10,153,13,0.0,1.0,False
19.66,mol_311,1.0,,480,0,3,472,5,0.0,1.0,False
3.11,mol_312,1.0,,420,0,2,204,214,0.0,1.0,False
1.03,mol_313,1.0,,180,0,1,135,44,0.0,1.0,False
0.11,mol_314,1.0,,20,0,1,0,19,0.0,1.0,False
0.17,mol_315,1.0,,60,0,1,0,59,0.0,1.0,False
1.49,mol_316,1.0,,240,0,2,67,171,0.0,1.0,False
41.37,mol_317,1.0,,1020,0,8,1012,0,0.0,1.0,False
0.19,mol_318,1.0,,120,0,1,0,119,0.0,1.0,False
0.67,mol_319,1.0,,240,0,1,0,239,0.0,1.0,False
0.34,mol_320,1.0,,60,0,1,0,59,0.0,1.0,False
9.27,mol_321,1.0,,480,0,2,321,157,0.0,1.0,False
0.25,mol_322,1.0,,20,0,1,0,19,0.0,1.0,False
2.45,mol_323,1.0,,240,1,1,0,238,0.0,1.0,False
4.06,mol_324,1.0,,360,0,2,117,241,0.0,1.0,False
0.36,mol_325,1.0,,60,0,1,0,59,0.0,1.0,False
6.98,mol_326,1.0,,420,0,2,0,418,0.0,1.0,False
5.43,mol_327,1.0,,420,0,4,311,105,0.0,1.0,False
1.84,mol_328,1.0,,420,1,10,89,320,0.0,1.0,False
2.26,mol_329,1.0,,360,0,22,79,259,0.0,1.0,False
1.37,mol_330,1.0,,240,0,1,0,239,0.0,1.0,False
42.11,mol_331,1.0,,900,0,5,867,28,0.0,1.0,False
0.26,mol_332,1.0,,60,0,1,7,52,0.0,1.0,False
0.31,mol_333,1.0,,180,0,4,6,170,0.0,1.0,False
1.52,mol_334,1.0,,240,0,1,55,184,0.0,1.0,False
0.43,mol_335,1.0,,180,0,1,0,179,0.0,1.0,False
1.95,mol_336,1.0,,360,0,1,190,169,0.0,1.0,False
0.11,mol_337,1.0,,20,0,1,0,19,0.0,1.0,False
11.02,mol_338,1.0,,480,0,4,366,110,0.0,1.0,False
2.76,mol_339,1.0,,240,0,3,0,237,0.0,1.0,False
0.13,mol_340,1.0,,20,0,1,0,19,0.0,1.0,False
35.25,mol_341,1.0,,660,0,6,648,6,0.0,1.0,False
6.47,mol_342,1.0,,720,0,2,715,3,0.0,1.0,False
0.55,mol_343,1.0,,180,2,1,0,177,0.0,1.0,False
13.03,mol_344,1.0,,480,0,9,430,41,0.0,1.0,False
74.23,mol_345,1.0,,780,0,12,768,0,0.0,1.0,False
0.31,mol_346,1.0,,120,0,1,0,119,0.0,1.0,False
8.12,mol_347,1.0,,420,0,3,229,188,0.0,1.0,False
14.84,mol_348,1.0,,660,0,23,631,6,0.0,1.0,False
2.06,mol_349,1.0,,240,0,1,0,239,0.0,1.0,False
0.97,mol_350,1.0,,300,0,2,191,107,0.0,1.0,False
0.34,mol_351,1.0,,240,1,1,0,238,0.0,1.0,False
0.3,mol_352,1.0,,60,0,1,0,59,0.0,1.0,False
0.01,mol_353,1.0,,20,0,1,0,19,0.0,1.0,False
18.58,mol_354,1.0,,660,3,5,618,34,0.0,1.0,False
25.51,mol_355,1.0,,780,0,6,767,7,0.0,1.0,False
0.14,mol_356,1.0,,60,0,1,0,59,0.0,1.0,False
0.77,mol_357,1.0,,120,0,1,68,51,0.0,1.0,False
2.43,mol_358,1.0,,300,0,2,170,128,0.0,1.0,False
1.33,mol_359,1.0,,120,0,2,0,118,0.0,1.0,False
2.2,mol_360,1.0,,360,0,9,154,197,0.0,1.0,False
10.07,mol_361,1.0,,300,0,2,138,160,0.0,1.0,False
0.76,mol_362,1.0,,180,0,1,0,179,0.0,1.0,False
11.56,mol_363,1.0,,540,0,8,435,97,0.0,1.0,False
0.1,mol_364,1.0,,20,0,1,0,19,0.0,1.0,False
45.57,mol_365,1.0,,780,0,1,778,1,0.0,1.0,False
0.17,mol_366,1.0,,20,0,1,0,19,0.0,1.0,False
0.14,mol_367,1.0,,60,0,1,0,59,0.0,1.0,False
0.38,mol_368,1.0,,180,0,2,0,178,0.0,1.0,False
0.13,mol_369,1.0,,60,0,1,0,59,0.0,1.0,False
6.24,mol_370,1.0,,420,0,22,267,131,0.0,1.0,False
5.03,mol_371,1.0,,300,0,1,156,143,0.0,1.0,False
0.14,mol_372,1.0,,60,0,1,0,59,0.0,1.0,False
0.03,mol_373,1.0,,20,0,1,0,19,0.0,1.0,False
11.63,mol_374,1.0,,480,0,4,430,46,0.0,1.0,False
13.51,mol_375,1.0,,660,0,7,601,52,0.0,1.0,False
27.08,mol_376,1.0,,720,0,23,681,16,0.0,1.0,False
0.3,mol_377,1.0,,120,0,1,56,63,0.0,1.0,False
0.74,mol_378,1.0,,240,0,4,0,236,0.0,1.0,False
1.25,mol_379,1.0,,240,0,2,0,238,0.0,1.0,False
8.14,mol_380,1.0,,600,1,3,484,112,0.0,1.0,False
3.44,mol_381,1.0,,420,0,15,299,106,0.0,1.0,False
6.73,mol_382,1.0,,600,0,3,596,1,0.0,1.0,False
17.14,mol_383,1.0,,420,11,6,242,161,0.0,1.0,False
11.79,mol_384,1.0,,720,0,14,539,167,0.0,1.0,False
2.07,mol_385,1.0,,360,0,10,236,114,0.0,1.0,False
0.87,mol_386,1.0,,240,1,1,0,238,0.0,1.0,False
0.24,mol_387,1.0,,180,0,1,0,179,0.0,1.0,False
0.94,mol_388,1.0,,180,2,1,0,177,0.0,1.0,False
1.91,mol_389,1.0,,420,1,17,183,219,0.0,1.0,False
0.81,mol_390,1.0,,120,0,2,0,118,0.0,1.0,False
0.52,mol_391,1.0,,60,0,1,0,59,0.0,1.0,False
0.83,mol_392,1.0,,180,0,1,0,179,0.0,1.0,False
6.44,mol_393,1.0,,420,1,1,134,284,0.0,1.0,False
6.26,mol_394,1.0,,600,4,18,533,45,0.0,1.0,False
11.07,mol_395,1.0,,420,0,2,376,42,0.0,1.0,False
1.19,mol_396,1.0,,300,0,7,30,263,0.0,1.0,False
0.25,mol_397,1.0,,120,0,1,0,119,0.0,1.0,False
0.32,mol_398,1.0,,60,0,1,0,59,0.0,1.0,False
6.21,mol_399,1.0,,300,0,3,255,42,0.0,1.0,False
0.4,mol_400,1.0,,120,0,1,72,47,0.0,1.0,False
3.2,mol_401,1.0,,240,0,2,0,238,0.0,1.0,False
5.09,mol_402,1.0,,420,1,4,222,193,0.0,1.0,False
0.2,mol_403,1.0,,120,0,1,0,119,0.0,1.0,False
0.01,mol_404,1.0,,20,0,1,0,19,0.0,1.0,False
3.87,mol_405,1.0,,420,0,3,171,246,0.0,1.0,False
36.54,mol_406,1.0,,540,0,6,531,3,0.0,1.0,False
1.98,mol_407,1.0,,300,0,1,128,171,0.0,1.0,False
3.23,mol_408,1.0,,300,0,2,0,298,0.0,1.0,False
2.39,mol_409,1.0,,300,0,2,166,132,0.0,1.0,False
0.88,mol_410,1.0,,180,6,10,29,135,0.0,1.0,False
18.32,mol_411,1.0,,720,0,4,700,16,0.0,1.0,False
8.97,mol_412,1.0,,600,0,10,420,170,0.0,1.0,False
2.71,mol_413,1.0,,420,1,3,48,368,0.0,1.0,False
0.5,mol_414,1.0,,180,0,1,0,179,0.0,1.0,False
0.91,mol_415,1.0,,120,0,2,64,54,0.0,1.0,False
0.1,mol_416,1.0,,60,0,1,0,59,0.0,1.0,False
0.81,mol_417,1.0,,240,0,1,0,239,0.0,1.0,False
0.33,mol_418,1.0,,60,0,1,0,59,0.0,1.0,False
12.27,mol_419,1.0,,420,0,5,298,117,0.0,1.0,False
0.8,mol_420,1.0,,180,0,1,0,179,0.0,1.0,False
19.41,mol_421,1.0,,420,0,3,404,13,0.0,1.0,False
13.29,mol_422,1.0,,600,0,4,321,275,0.0,1.0,False
2.18,mol_423,1.0,,240,0,6,208,26,0.0,1.0,False
0.04,mol_424,1.0,,20,0,1,0,19,0.0,1.0,False
2.99,mol_425,1.0,,240,0,1,107,132,0.0,1.0,False
9.95,mol_426,1.0,,600,0,18,422,160,0.0,1.0,False
2.47,mol_427,1.0,,360,0,4,0,356,0.0,1.0,False
0.14,mol_428,1.0,,120,0,1,0,119,0.0,1.0,False
11.89,mol_429,1.0,,660,0,1,639,20,0.0,1.0,False
2.12,mol_430,1.0,,360,0,1,0,359,0.0,1.0,False
10.46,mol_431,1.0,,480,0,2,455,23,0.0,1.0,False
0.18,mol_432,1.0,,60,0,1,12,47,0.0,1.0,False
0.26,mol_433,1.0,,60,0,1,23,36,0.0,1.0,False
2.1,mol_434,1.0,,240,1,1,20,218,0.0,1.0,False
4.7,mol_435,1.0,,240,2,2,132,104,0.0,1.0,False
4.15,mol_436,1.0,,540,4,8,483,45,0.0,1.0,False
0.5,mol_437,1.0,,240,0,3,14,223,0.0,1.0,False
0.04,mol_438,1.0,,60,0,1,46,13,0.0,1.0,False
0.61,mol_439,1.0,,240,0,2,0,238,0.0,1.0,False
0.04,mol_440,1.0,,60,0,1,45,14,0.0,1.0,False
0.74,mol_441,1.0,,240,0,1,0,239,0.0,1.0,False
56.3,mol_442,1.0,,1320,0,4,1316,0,0.0,1.0,False
4.45,mol_443,1.0,,240,0,4,103,133,0.0,1.0,False
0.04,mol_444,1.0,,20,0,1,0,19,0.0,1.0,False
3.12,mol_445,1.0,,420,0,12,325,83,0.0,1.0,False
0.03,mol_446,1.0,,20,0,1,0,19,0.0,1.0,False
1.86,mol_447,1.0,,420,2,9,64,345,0.0,1.0,False
2.29,mol_448,1.0,,300,0,7,72,221,0.0,1.0,False
1.59,mol_449,1.0,,420,0,2,128,290,0.0,1.0,False
21.83,mol_450,1.0,,660,0,11,617,32,0.0,1.0,False
1.73,mol_451,1.0,,180,2,1,119,58,0.0,1.0,False
20.34,mol_452,1.0,,420,0,3,411,6,0.0,1.0,False
0.08,mol_453,1.0,,20,0,1,0,19,0.0,1.0,False
3.02,mol_454,1.0,,180,0,4,0,176,0.0,1.0,False
1.84,mol_455,1.0,,420,3,11,206,200,0.0,1.0,False
1.58,mol_456,1.0,,240,0,2,80,158,0.0,1.0,False
5.73,mol_457,1.0,,360,0,6,135,219,0.0,1.0,False
0.25,mol_458,1.0,,120,1,1,0,118,0.0,1.0,False
28.86,mol_459,1.0,,540,0,7,529,4,0.0,1.0,False
0.06,mol_460,1.0,,20,0,1,0,19,0.0,1.0,False
1.11,mol_461,1.0,,360,4,7,160,189,0.0,1.0,False
2.47,mol_462,1.0,,300,0,2,182,116,0.0,1.0,False
0.04,mol_463,1.0,,20,0,1,0,19,0.0,1.0,False
0.05,mol_464,1.0,,60,0,1,49,10,0.0,1.0,False
0.44,mol_465,1.0,,60,0,1,0,59,0.0,1.0,False
4.03,mol_466,1.0,,360,0,2,128,230,0.0,1.0,False
0.03,mol_467,1.0,,20,0,1,0,19,0.0,1.0,False
0.13,mol_468,1.0,,60,0,1,0,59,0.0,1.0,False
3.55,mol_469,1.0,,300,1,3,0,296,0.0,1.0,False
0.97,mol_470,1.0,,240,0,1,0,239,0.0,1.0,False
1.15,mol_471,1.0,,360,2,7,0,351,0.0,1.0,False
2.31,mol_472,1.0,,240,0,1,0,239,0.0,1.0,False
10.06,mol_473,1.0,,600,0,17,569,14,0.0,1.0,False
4.46,mol_474,1.0,,420,0,5,178,237,0.0,1.0,False
0.33,mol_475,1.0,,180,0,2,0,178,0.0,1.0,False
0.1,mol_476,1.0,,60,0,1,0,59,0.0,1.0,False
9.18,mol_477,1.0,,480,0,2,0,478,0.0,1.0,False
1.13,mol_478,1.0,,300,0,5,208,87,0.0,1.0,False
1.15,mol_479,1.0,,300,0,3,33,264,0.0,1.0,False
17.43,mol_480,1.0,,480,2,10,352,116,0.0,1.0,False
15.22,mol_481,1.0,,600,1,16,550,33,0.0,1.0,False
0.72,mol_482,1.0,,240,0,1,183,56,0.0,1.0,False
65.84,mol_483,1.0,,660,0,22,607,31,0.0,1.0,False
0.43,mol_484,1.0,,240,0,1,0,239,0.0,1.0,False
0.01,mol_485,1.0,,20,0,1,0,19,0.0,1.0,False
2.04,mol_486,1.0,,420,0,3,316,101,0.0,1.0,False
13.12,mol_487,1.0,,540,0,7,372,161,0.0,1.0,False
0.63,mol_488,1.0,,180,0,1,45,134,0.0,1.0,False
4.11,mol_489,1.0,,180,0,2,164,14,0.0,1.0,False
0.25,mol_490,1.0,,120,0,1,0,119,0.0,1.0,False
0.13,mol_491,1.0,,120,0,1,0,119,0.0,1.0,False
1.15,mol_492,1.0,,180,0,2,28,150,0.0,1.0,False
0.58,mol_493,1.0,,180,0,1,0,179,0.0,1.0,False
2.81,mol_494,1.0,,180,0,1,0,179,0.0,1.0,False
0.13,mol_495,1.0,,120,0,1,0,119,0.0,1.0,False
5.87,mol_496,1.0,,480,1,3,359,117,0.0,1.0,False
1.41,mol_497,1.0,,180,0,1,96,83,0.0,1.0,False
0.24,mol_498,1.0,,20,0,1,0,19,0.0,1.0,False
2.65,mol_499,1.0,,240,0,1,41,198,0.0,1.0,False
0.12,mol_500,1.0,,20,0,1,0,19,0.0,1.0,False
18.47,mol_501,1.0,,600,0,2,564,34,0.0,1.0,False
0.09,mol_502,1.0,,20,0,1,0,19,0.0,1.0,False
0.81,mol_503,1.0,,120,1,2,0,117,0.0,1.0,False
1.19,mol_504,1.0,,180,0,1,0,179,0.0,1.0,False
3.79,mol_505,1.0,,240,0,2,0,238,0.0,1.0,False
0.32,mol_506,1.0,,180,0,1,145,34,0.0,1.0,False
0.06,mol_507,1.0,,60,0,1,0,59,0.0,1.0,False
0.39,mol_508,1.0,,120,0,1,0,119,0.0,1.0,False
4.38,mol_509,1.0,,540,7,21,343,169,0.0,1.0,False
0.04,mol_510,1.0,,20,0,1,0,19,0.0,1.0,False
12.7,mol_511,1.0,,420,0,2,62,356,0.0,1.0,False
33.19,mol_512,1.0,,900,0,8,892,0,0.0,1.0,False
0.61,mol_513,1.0,,120,0,2,0,118,0.0,1.0,False
0.39,mol_514,1.0,,120,0,2,0,118,0.0,1.0,False
3.52,mol_515,1.0,,300,3,5,21,271,0.0,1.0,False
3.98,mol_516,1.0,,420,1,11,195,213,0.0,1.0,False
0.01,mol_517,1.0,,20,0,1,0,19,0.0,1.0,False
17.04,mol_518,1.0,,540,0,12,484,44,0.0,1.0,False
11.48,mol_519,1.0,,540,0,4,471,65,0.0,1.0,False
0.02,mol_520,1.0,,20,0,1,0,19,0.0,1.0,False
0.65,mol_521,1.0,,300,2,6,65,227,0.0,1.0,False
6.88,mol_522,1.0,,360,0,2,335,23,0.0,1.0,False
0.04,mol_523,1.0,,20,0,1,0,19,0.0,1.0,False
0.09,mol_524,1.0,,60,0,1,36,23,0.0,1.0,False
1.12,mol_525,1.0,,360,2,6,100,252,0.0,1.0,False
0.19,mol_526,1.0,,60,0,2,0,58,0.0,1.0,False
0.16,mol_527,1.0,,120,0,1,0,119,0.0,1.0,False
0.12,mol_528,1.0,,60,0,1,0,59,0.0,1.0,False
0.44,mol_529,1.0,,180,0,2,0,178,0.0,1.0,False
72.07,mol_530,1.0,,840,0,3,835,2,0.0,1.0,False
0.56,mol_531,1.0,,60,0,1,0,59,0.0,1.0,False
0.12,mol_532,1.0,,20,0,1,0,19,0.0,1.0,False
0.52,mol_533,1.0,,120,0,1,61,58,0.0,1.0,False
4.69,mol_534,1.0,,540,1,3,259,277,0.0,1.0,False
1.01,mol_535,1.0,,240,1,1,0,238,0.0,1.0,False
0.3,mol_536,1.0,,120,0,2,0,118,0.0,1.0,False
5.04,mol_537,1.0,,300,0,2,243,55,0.0,1.0,False
27.69,mol_538,1.0,,900,0,1,898,1,0.0,1.0,False
0.11,mol_539,1.0,,120,0,2,0,118,0.0,1.0,False
10.09,mol_540,1.0,,660,0,22,415,223,0.0,1.0,False
0.33,mol_541,1.0,,240,2,3,0,235,0.0,1.0,False
25.92,mol_542,1.0,,540,0,1,536,3,0.0,1.0,False
1.13,mol_543,1.0,,360,3,8,97,252,0.0,1.0,False
4.06,mol_544,1.0,,300,0,1,196,103,0.0,1.0,False
0.94,mol_545,1.0,,240,0,2,0,238,0.0,1.0,False
0.12,mol_546,1.0,,60,0,1,0,59,0.0,1.0,False
4.03,mol_547,1.0,,360,0,2,0,358,0.0,1.0,False
0.34,mol_548,1.0,,60,0,1,0,59,0.0,1.0,False
0.09,mol_549,1.0,,60,0,1,0,59,0.0,1.0,False
8.66,mol_550,1.0,,480,0,16,165,299,0.0,1.0,False
1.97,mol_551,1.0,,420,12,22,167,219,0.0,1.0,False
0.21,mol_552,1.0,,60,0,1,0,59,0.0,1.0,False
17.86,mol_553,1.0,,420,0,2,413,5,0.0,1.0,False
0.22,mol_554,1.0,,180,0,2,90,88,0.0,1.0,False
0.09,mol_555,1.0,,20,0,1,0,19,0.0,1.0,False
1106.78,mol_556,1.0,,1860,0,2,1858,0,0.0,1.0,False
1.29,mol_557,1.0,,20,0,1,0,19,0.0,1.0,False
50.7,mol_558,1.0,,840,0,7,833,0,0.0,1.0,False
0.12,mol_559,1.0,,20,0,1,0,19,0.0,1.0,False
0.33,mol_560,1.0,,60,0,1,0,59,0.0,1.0,False
0.33,mol_561,1.0,,60,0,1,0,59,0.0,1.0,False
11.84,mol_562,1.0,,420,0,1,371,48,0.0,1.0,False
6.05,mol_563,1.0,,420,0,1,354,65,0.0,1.0,False
1.82,mol_564,1.0,,240,0,3,0,237,0.0,1.0,False
7.28,mol_565,1.0,,540,0,18,502,20,0.0,1.0,False
0.72,mol_566,1.0,,300,0,3,90,207,0.0,1.0,False
2.09,mol_567,1.0,,420,0,1,411,8,0.0,1.0,False
0.04,mol_568,1.0,,20,0,1,0,19,0.0,1.0,False
4.0,mol_569,1.0,,420,1,1,0,418,0.0,1.0,False
1.24,mol_570,1.0,,300,0,10,124,166,0.0,1.0,False
9.79,mol_571,1.0,,600,1,21,315,263,0.0,1.0,False
9.2,mol_572,1.0,,600,0,8,426,166,0.0,1.0,False
0.43,mol_573,1.0,,180,0,1,0,179,0.0,1.0,False
0.3,mol_574,1.0,,120,0,2,0,118,0.0,1.0,False
8.53,mol_575,1.0,,540,0,31,413,96,0.0,1.0,False
0.63,mol_576,1.0,,240,0,6,73,161,0.0,1.0,False
41.14,mol_577,1.0,,780,0,3,777,0,0.0,1.0,False
0.02,mol_578,1.0,,20,0,1,0,19,0.0,1.0,False
9.14,mol_579,1.0,,300,0,1,292,7,0.0,1.0,False
1.54,mol_580,1.0,,120,0,2,0,118,0.0,1.0,False
0.49,mol_581,1.0,,180,0,2,0,178,0.0,1.0,False
0.01,mol_582,1.0,,20,0,1,0,19,0.0,1.0,False
8.61,mol_583,1.0,,360,0,4,82,274,0.0,1.0,False
11.77,mol_584,1.0,,420,0,1,367,52,0.0,1.0,False
0.73,mol_585,1.0,,120,0,1,0,119,0.0,1.0,False
0.96,mol_586,1.0,,300,0,1,0,299,0.0,1.0,False
0.32,mol_587,1.0,,60,0,1,0,59,0.0,1.0,False
0.98,mol_588,1.0,,180,0,3,55,122,0.0,1.0,False
42.51,mol_589,1.0,,960,0,2,957,1,0.0,1.0,False
0.05,mol_590,1.0,,20,0,1,0,19,0.0,1.0,False
0.21,mol_591,1.0,,120,0,1,53,66,0.0,1.0,False
29.09,mol_592,1.0,,540,0,4,528,8,0.0,1.0,False
7.28,mol_593,1.0,,360,0,1,331,28,0.0,1.0,False
18.24,mol_594,1.0,,480,0,6,63,411,0.0,1.0,False
0.19,mol_595,1.0,,60,0,1,0,59,0.0,1.0,False
0.9,mol_596,1.0,,240,0,1,0,239,0.0,1.0,False
1.32,mol_597,1.0,,240,0,2,38,200,0.0,1.0,False
10.86,mol_598,1.0,,360,0,4,0,356,0.0,1.0,False
0.4,mol_599,1.0,,180,0,2,0,178,0.0,1.0,False
0.2,mol_600,1.0,,120,0,1,20,99,0.0,1.0,False
0.04,mol_601,1.0,,60,0,1,0,59,0.0,1.0,False
0.04,mol_602,1.0,,20,0,1,0,19,0.0,1.0,False
0.17,mol_603,1.0,,60,0,1,10,49,0.0,1.0,False
0.3,mol_604,1.0,,60,0,1,0,59,0.0,1.0,False
1.08,mol_605,1.0,,120,0,1,0,119,0.0,1.0,False
0.19,mol_606,1.0,,180,0,1,0,179,0.0,1.0,False
0.28,mol_607,1.0,,60,0,1,0,59,0.0,1.0,False
15.11,mol_608,1.0,,480,0,7,411,62,0.0,1.0,False
0.78,mol_609,1.0,,180,1,2,0,177,0.0,1.0,False
1.3,mol_610,1.0,,300,0,9,47,244,0.0,1.0,False
0.31,mol_611,1.0,,60,0,1,0,59,0.0,1.0,False
0.14,mol_612,1.0,,20,0,1,0,19,0.0,1.0,False
0.37,mol_613,1.0,,120,0,1,0,119,0.0,1.0,False
6.05,mol_614,1.0,,600,2,7,575,16,0.0,1.0,False
0.01,mol_615,1.0,,20,0,1,0,19,0.0,1.0,False
52.72,mol_616,1.0,,840,0,5,833,2,0.0,1.0,False
0.94,mol_617,1.0,,120,2,1,0,117,0.0,1.0,False
10.68,mol_618,1.0,,600,0,8,444,148,0.0,1.0,False
2.56,mol_619,1.0,,480,0,6,287,187,0.0,1.0,False
0.8,mol_620,1.0,,240,0,1,0,239,0.0,1.0,False
0.31,mol_621,1.0,,180,0,4,21,155,0.0,1.0,False
5.55,mol_622,1.0,,360,0,4,6,350,0.0,1.0,False
4.07,mol_623,1.0,,180,4,12,0,164,0.0,1.0,False
2.33,mol_624,1.0,,180,0,1,141,38,0.0,1.0,False
7.73,mol_625,1.0,,300,2,4,265,29,0.0,1.0,False
3.02,mol_626,1.0,,180,0,2,34,144,0.0,1.0,False
0.14,mol_627,1.0,,120,0,1,0,119,0.0,1.0,False
2.36,mol_628,1.0,,180,0,1,0,179,0.0,1.0,False
1.51,mol_629,1.0,,360,0,6,196,158,0.0,1.0,False
0.22,mol_630,1.0,,120,0,1,49,70,0.0,1.0,False
1.34,mol_631,1.0,,300,0,6,61,233,0.0,1.0,False
0.44,mol_632,1.0,,180,0,1,0,179,0.0,1.0,False
0.75,mol_633,1.0,,120,0,1,0,119,0.0,1.0,False
2.89,mol_634,1.0,,360,0,3,212,145,0.0,1.0,False
0.1,mol_635,1.0,,20,0,1,0,19,0.0,1.0,False
3.43,mol_636,1.0,,420,0,11,330,79,0.0,1.0,False
9.0,mol_637,1.0,,660,0,20,470,170,0.0,1.0,False
0.32,mol_638,1.0,,20,0,1,0,19,0.0,1.0,False
0.04,mol_639,1.0,,60,0,1,0,59,0.0,1.0,False
0.6,mol_640,1.0,,120,0,2,0,118,0.0,1.0,False
987.52,mol_641,1.0,,1740,0,1,1739,0,0.0,1.0,False
1.77,mol_642,1.0,,180,0,2,0,178,0.0,1.0,False
0.43,mol_643,1.0,,120,0,1,57,62,0.0,1.0,False
0.13,mol_644,1.0,,20,0,1,9,10,0.0,1.0,False
9.27,mol_645,1.0,,360,0,4,0,356,0.0,1.0,False
0.05,mol_646,1.0,,20,0,1,0,19,0.0,1.0,False
3.32,mol_647,1.0,,360,0,3,245,112,0.0,1.0,False
0.48,mol_648,1.0,,180,0,1,0,179,0.0,1.0,False
2.48,mol_649,1.0,,360,0,2,248,110,0.0,1.0,False
5.63,mol_650,1.0,,480,0,7,215,258,0.0,1.0,False
0.18,mol_651,1.0,,20,0,1,0,19,0.0,1.0,False
2.64,mol_652,1.0,,420,0,1,253,166,0.0,1.0,False
4.17,mol_653,1.0,,300,0,4,81,215,0.0,1.0,False
2.92,mol_654,1.0,,480,0,7,414,59,0.0,1.0,False
0.17,mol_655,1.0,,60,0,1,0,59,0.0,1.0,False
20.62,mol_656,1.0,,480,1,3,476,0,0.0,1.0,False
2.39,mol_657,1.0,,180,0,12,101,67,0.0,1.0,False
0.08,mol_658,1.0,,20,0,1,0,19,0.0,1.0,False
3.07,mol_659,1.0,,480,0,1,364,115,0.0,1.0,False
9.13,mol_660,1.0,,420,0,2,382,36,0.0,1.0,False
0.19,mol_661,1.0,,60,0,1,0,59,0.0,1.0,False
0.33,mol_662,1.0,,60,0,1,0,59,0.0,1.0,False
0.32,mol_663,1.0,,180,1,1,0,178,0.0,1.0,False
0.13,mol_664,1.0,,120,0,2,38,80,0.0,1.0,False
0.04,mol_665,1.0,,20,0,1,0,19,0.0,1.0,False
0.04,mol_666,1.0,,20,0,1,0,19,0.0,1.0,False
1.24,mol_667,1.0,,300,0,2,0,298,0.0,1.0,False
0.17,mol_668,1.0,,120,0,2,0,118,0.0,1.0,False
0.36,mol_669,1.0,,60,0,1,0,59,0.0,1.0,False
0.55,mol_670,1.0,,240,0,1,0,239,0.0,1.0,False
0.04,mol_671,1.0,,60,0,2,0,58,0.0,1.0,False
0.05,mol_672,1.0,,60,0,1,0,59,0.0,1.0,False
1.83,mol_673,1.0,,180,0,3,94,83,0.0,1.0,False
0.68,mol_674,1.0,,180,0,1,0,179,0.0,1.0,False
16.31,mol_675,1.0,,420,0,5,413,2,0.0,1.0,False
3.91,mol_676,1.0,,300,0,1,18,281,0.0,1.0,False
0.3,mol_677,1.0,,20,0,1,0,19,0.0,1.0,False
5.92,mol_678,1.0,,480,0,3,279,198,0.0,1.0,False
3.42,mol_679,1.0,,300,0,1,275,24,0.0,1.0,False
1.33,mol_680,1.0,,480,0,2,435,43,0.0,1.0,False
0.75,mol_681,1.0,,240,0,1,148,91,0.0,1.0,False
7.42,mol_682,1.0,,480,0,4,286,190,0.0,1.0,False
0.59,mol_683,1.0,,60,0,1,0,59,0.0,1.0,False
1.69,mol_684,1.0,,180,0,1,0,179,0.0,1.0,False
0.94,mol_685,1.0,,300,0,4,131,165,0.0,1.0,False
0.21,mol_686,1.0,,60,0,1,0,59,0.0,1.0,False
3.82,mol_687,1.0,,480,0,6,354,120,0.0,1.0,False
0.52,mol_688,1.0,,180,1,1,0,178,0.0,1.0,False
6.69,mol_689,1.0,,480,0,2,0,478,0.0,1.0,False
0.02,mol_690,1.0,,20,0,1,0,19,0.0,1.0,False
0.78,mol_691,1.0,,180,1,1,76,102,0.0,1.0,False
3.73,mol_692,1.0,,420,0,7,204,209,0.0,1.0,False
0.26,mol_693,1.0,,120,0,1,49,70,0.0,1.0,False
0.33,mol_694,1.0,,120,0,1,0,119,0.0,1.0,False
12.4,mol_695,1.0,,480,0,13,137,330,0.0,1.0,False
41.85,mol_696,1.0,,660,0,3,656,1,0.0,1.0,False
15.67,mol_697,1.0,,480,0,8,0,472,0.0,1.0,False
0.9,mol_698,1.0,,180,2,1,0,177,0.0,1.0,False
1.74,mol_699,1.0,,360,0,3,28,329,0.0,1.0,False
0.33,mol_700,1.0,,120,0,1,0,119,0.0,1.0,False
46.5,mol_701,1.0,,960,2,13,753,192,0.0,1.0,False
5.07,mol_702,1.0,,480,0,3,254,223,0.0,1.0,False
50.17,mol_703,1.0,,660,0,2,655,3,0.0,1.0,False
2.27,mol_704,1.0,,360,0,1,273,86,0.0,1.0,False
0.49,mol_705,1.0,,180,0,1,0,179,0.0,1.0,False
3.15,mol_706,1.0,,480,2,9,217,252,0.0,1.0,False
0.03,mol_707,1.0,,20,0,1,0,19,0.0,1.0,False
23.67,mol_708,1.0,,840,0,29,791,20,0.0,1.0,False
10.9,mol_709,1.0,,420,2,4,303,111,0.0,1.0,False
0.16,mol_710,1.0,,20,0,1,0,19,0.0,1.0,False
14.91,mol_711,1.0,,420,0,5,325,90,0.0,1.0,False
59.57,mol_712,1.0,,780,0,3,774,3,0.0,1.0,False
0.62,mol_713,1.0,,240,0,2,78,160,0.0,1.0,False
0.77,mol_714,1.0,,240,0,1,0,239,0.0,1.0,False
0.04,mol_715,1.0,,20,0,1,0,19,0.0,1.0,False
1.88,mol_716,1.0,,300,2,2,0,296,0.0,1.0,False
26.7,mol_717,1.0,,540,0,18,83,439,0.0,1.0,False
31.42,mol_718,1.0,,480,0,4,474,2,0.0,1.0,False
0.37,mol_719,1.0,,20,0,1,0,19,0.0,1.0,False
0.29,mol_720,1.0,,120,0,1,0,119,0.0,1.0,False
0.02,mol_721,1.0,,20,0,1,0,19,0.0,1.0,False
5.46,mol_722,1.0,,300,0,2,47,251,0.0,1.0,False
0.01,mol_723,1.0,,20,0,1,0,19,0.0,1.0,False
13.15,mol_724,1.0,,420,4,6,37,373,0.0,1.0,False
0.22,mol_725,1.0,,60,0,1,0,59,0.0,1.0,False
5.4,mol_726,1.0,,300,0,1,216,83,0.0,1.0,False
0.47,mol_727,1.0,,120,0,1,0,119,0.0,1.0,False
0.33,mol_728,1.0,,120,0,1,0,119,0.0,1.0,False
19.07,mol_729,1.0,,540,0,12,413,115,0.0,1.0,False
0.4,mol_730,1.0,,60,0,1,0,59,0.0,1.0,False
6.14,mol_731,1.0,,480,0,10,229,241,0.0,1.0,False
2.17,mol_732,1.0,,240,0,2,0,238,0.0,1.0,False
0.04,mol_733,1.0,,20,0,1,0,19,0.0,1.0,False
8.33,mol_734,1.0,,660,0,1,460,199,0.0,1.0,False
4.73,mol_735,1.0,,480,0,4,409,67,0.0,1.0,False
0.25,mol_736,1.0,,120,0,1,53,66,0.0,1.0,False
0.9,mol_737,1.0,,60,0,1,0,59,0.0,1.0,False
0.7,mol_738,1.0,,180,0,1,63,116,0.0,1.0,False
2.01,mol_739,1.0,,240,0,3,92,145,0.0,1.0,False
1.09,mol_740,1.0,,120,0,1,0,119,0.0,1.0,False
2.66,mol_741,1.0,,180,0,1,113,66,0.0,1.0,False
1.56,mol_742,1.0,,300,1,1,199,99,0.0,1.0,False
2.04,mol_743,1.0,,240,0,2,62,176,0.0,1.0,False
3.25,mol_744,1.0,,420,0,6,233,181,0.0,1.0,False
37.42,mol_745,1.0,,540,0,8,528,4,0.0,1.0,False
12.16,mol_746,1.0,,420,5,7,178,230,0.0,1.0,False
1.74,mol_747,1.0,,120,0,1,0,119,0.0,1.0,False
2.13,mol_748,1.0,,420,2,13,107,298,0.0,1.0,False
15.54,mol_749,1.0,,600,1,21,174,404,0.0,1.0,False
4.39,mol_750,1.0,,420,1,3,10,406,0.0,1.0,False
16.23,mol_751,1.0,,420,0,4,412,4,0.0,1.0,False
2.06,mol_752,1.0,,360,0,3,209,148,0.0,1.0,False
0.49,mol_753,1.0,,120,0,2,0,118,0.0,1.0,False
1.09,mol_754,1.0,,180,0,1,124,55,0.0,1.0,False
91.26,mol_755,1.0,,1020,0,8,1011,1,0.0,1.0,False
0.56,mol_756,1.0,,20,0,1,0,19,0.0,1.0,False
30.11,mol_757,1.0,,480,0,2,471,7,0.0,1.0,False
2.1,mol_758,1.0,,360,0,8,147,205,0.0,1.0,False
2.47,mol_759,1.0,,420,0,7,315,98,0.0,1.0,False
32.97,mol_760,1.0,,900,0,31,864,5,0.0,1.0,False
0.62,mol_761,1.0,,120,0,1,52,67,0.0,1.0,False
4.79,mol_762,1.0,,420,0,3,383,34,0.0,1.0,False
0.48,mol_763,1.0,,180,0,1,0,179,0.0,1.0,False
0.96,mol_764,1.0,,180,0,1,0,179,0.0,1.0,False
0.23,mol_765,1.0,,120,0,1,47,72,0.0,1.0,False
0.14,mol_766,1.0,,20,0,1,0,19,0.0,1.0,False
3.27,mol_767,1.0,,480,5,16,192,267,0.0,1.0,False
3.26,mol_768,1.0,,420,0,4,313,103,0.0,1.0,False
0.15,mol_769,1.0,,20,0,1,0,19,0.0,1.0,False
1.12,mol_770,1.0,,300,0,2,65,233,0.0,1.0,False
0.14,mol_771,1.0,,120,0,2,0,118,0.0,1.0,False
0.36,mol_772,1.0,,60,0,1,56,3,0.0,1.0,False
4.01,mol_773,1.0,,420,0,8,214,198,0.0,1.0,False
0.01,mol_774,1.0,,20,0,1,0,19,0.0,1.0,False
0.25,mol_775,1.0,,120,0,1,8,111,0.0,1.0,False
13.49,mol_776,1.0,,360,2,3,173,182,0.0,1.0,False
0.27,mol_777,1.0,,60,0,1,0,59,0.0,1.0,False
3.14,mol_778,1.0,,420,0,12,330,78,0.0,1.0,False
4.95,mol_779,1.0,,300,0,1,0,299,0.0,1.0,False
9.77,mol_780,1.0,,600,0,9,348,243,0.0,1.0,False
0.31,mol_781,1.0,,20,0,1,0,19,0.0,1.0,False
1.23,mol_782,1.0,,300,0,5,184,111,0.0,1.0,False
1.75,mol_783,1.0,,360,0,4,216,140,0.0,1.0,False
28.27,mol_784,1.0,,900,0,6,894,0,0.0,1.0,False
0.37,mol_785,1.0,,120,1,1,0,118,0.0,1.0,False
0.25,mol_786,1.0,,240,0,1,17,222,0.0,1.0,False
0.19,mol_787,1.0,,120,0,2,0,118,0.0,1.0,False
0.04,mol_788,1.0,,20,0,1,0,19,0.0,1.0,False
73.69,mol_789,1.0,,1140,0,4,1136,0,0.0,1.0,False
1.03,mol_790,1.0,,180,0,1,0,179,0.0,1.0,False
9.78,mol_791,1.0,,480,0,1,376,103,0.0,1.0,False
1.34,mol_792,1.0,,300,0,1,0,299,0.0,1.0,False
1.23,mol_793,1.0,,180,0,2,139,39,0.0,1.0,False
1.24,mol_794,1.0,,300,0,7,83,210,0.0,1.0,False
0.38,mol_795,1.0,,120,0,1,0,119,0.0,1.0,False
0.7,mol_796,1.0,,60,0,1,32,27,0.0,1.0,False
5.72,mol_797,1.0,,540,0,7,175,358,0.0,1.0,False
2.62,mol_798,1.0,,300,0,1,0,299,0.0,1.0,False
0.43,mol_799,1.0,,120,0,1,0,119,0.0,1.0,False
0.37,mol_800,1.0,,60,0,1,23,36,0.0,1.0,False
0.33,mol_801,1.0,,180,0,1,0,179,0.0,1.0,False
0.33,mol_802,1.0,,60,0,1,0,59,0.0,1.0,False
3.2,mol_803,1.0,,660,0,8,615,37,0.0,1.0,False
3.83,mol_804,1.0,,420,1,5,49,365,0.0,1.0,False
8.11,mol_805,1.0,,600,1,5,585,9,0.0,1.0,False
0.21,mol_806,1.0,,120,0,1,0,119,0.0,1.0,False
2.03,mol_807,1.0,,360,0,4,148,208,0.0,1.0,False
31.88,mol_808,1.0,,840,0,19,771,50,0.0,1.0,False
3.22,mol_809,1.0,,180,0,3,88,89,0.0,1.0,False
1.56,mol_810,1.0,,120,0,1,28,91,0.0,1.0,False
0.15,mol_811,1.0,,60,0,1,22,37,0.0,1.0,False
0.84,mol_812,1.0,,240,0,7,40,193,0.0,1.0,False
6.5,mol_813,1.0,,360,0,3,0,357,0.0,1.0,False
1.15,mol_814,1.0,,60,0,1,0,59,0.0,1.0,False
0.89,mol_815,1.0,,180,0,2,0,178,0.0,1.0,False
0.35,mol_816,1.0,,180,0,2,0,178,0.0,1.0,False
14.86,mol_817,1.0,,420,2,3,402,13,0.0,1.0,False
19.74,mol_818,1.0,,720,0,8,711,1,0.0,1.0,False
1.82,mol_819,1.0,,360,0,12,68,280,0.0,1.0,False
0.23,mol_820,1.0,,20,0,1,0,19,0.0,1.0,False
0.66,mol_821,1.0,,240,0,4,121,115,0.0,1.0,False
1.37,mol_822,1.0,,300,0,7,83,210,0.0,1.0,False
2.04,mol_823,1.0,,360,0,1,273,86,0.0,1.0,False
4.37,mol_824,1.0,,360,0,6,198,156,0.0,1.0,False
0.33,mol_825,1.0,,60,0,1,0,59,0.0,1.0,False
4.98,mol_826,1.0,,480,0,3,254,223,0.0,1.0,False
0.02,mol_827,1.0,,20,0,1,0,19,0.0,1.0,False
2.65,mol_828,1.0,,300,0,1,177,122,0.0,1.0,False
1.95,mol_829,1.0,,240,0,1,128,111,0.0,1.0,False
4.67,mol_830,1.0,,300,0,4,0,296,0.0,1.0,False
0.15,mol_831,1.0,,60,0,1,0,59,0.0,1.0,False
0.53,mol_832,1.0,,240,0,1,157,82,0.0,1.0,False
6.64,mol_833,1.0,,360,0,2,239,119,0.0,1.0,False
14.59,mol_834,1.0,,540,0,22,336,182,0.0,1.0,False
1.84,mol_835,1.0,,300,0,1,0,299,0.0,1.0,False
0.04,mol_836,1.0,,20,0,1,0,19,0.0,1.0,False
0.07,mol_837,1.0,,20,0,1,0,19,0.0,1.0,False
4.48,mol_838,1.0,,360,0,2,0,358,0.0,1.0,False
2.97,mol_839,1.0,,300,0,3,189,108,0.0,1.0,False
0.19,mol_840,1.0,,60,0,2,0,58,0.0,1.0,False
0.36,mol_841,1.0,,240,0,1,214,25,0.0,1.0,False
0.45,mol_842,1.0,,120,0,1,0,119,0.0,1.0,False
0.72,mol_843,1.0,,300,2,6,9,283,0.0,1.0,False
0.69,mol_844,1.0,,240,0,2,0,238,0.0,1.0,False
18.73,mol_845,1.0,,540,3,8,523,6,0.0,1.0,False
0.27,mol_846,1.0,,20,0,1,0,19,0.0,1.0,False
0.29,mol_847,1.0,,180,0,1,0,179,0.0,1.0,False
8.92,mol_848,1.0,,600,0,19,473,108,0.0,1.0,False
1.81,mol_849,1.0,,300,0,7,257,36,0.0,1.0,False
16.14,mol_850,1.0,,540,0,13,141,386,0.0,1.0,False
2.22,mol_851,1.0,,120,0,1,0,119,0.0,1.0,False
123.28,mol_852,1.0,,1020,0,4,1014,2,0.0,1.0,False
1.03,mol_853,1.0,,240,0,1,0,239,0.0,1.0,False
0.22,mol_854,1.0,,120,1,1,0,118,0.0,1.0,False
0.04,mol_855,1.0,,20,0,1,0,19,0.0,1.0,False
1.24,mol_856,1.0,,120,0,1,0,119,0.0,1.0,False
0.7,mol_857,1.0,,240,0,3,31,206,0.0,1.0,False
0.4,mol_858,1.0,,120,0,1,0,119,0.0,1.0,False
5.16,mol_859,1.0,,240,0,3,0,237,0.0,1.0,False
1.23,mol_860,1.0,,300,0,3,121,176,0.0,1.0,False
0.39,mol_861,1.0,,120,0,2,0,118,0.0,1.0,False
15.07,mol_862,1.0,,480,0,2,457,21,0.0,1.0,False
0.42,mol_863,1.0,,60,0,1,0,59,0.0,1.0,False
2.56,mol_864,1.0,,240,0,2,131,107,0.0,1.0,False
6.06,mol_865,1.0,,540,0,7,383,150,0.0,1.0,False
0.26,mol_866,1.0,,20,0,1,0,19,0.0,1.0,False
15.07,mol_867,1.0,,540,4,6,383,147,0.0,1.0,False
118.97,mol_868,1.0,,1080,0,7,1073,0,0.0,1.0,False
0.71,mol_869,1.0,,120,0,2,0,118,0.0,1.0,False
2.16,mol_870,1.0,,420,0,21,138,261,0.0,1.0,False
0.37,mol_871,1.0,,60,0,1,0,59,0.0,1.0,False
0.34,mol_872,1.0,,60,0,1,0,59,0.0,1.0,False
9.43,mol_873,1.0,,540,0,2,0,538,0.0,1.0,False
3.2,mol_874,1.0,,480,0,2,313,165,0.0,1.0,False
2.6,mol_875,1.0,,240,0,1,150,89,0.0,1.0,False
7.78,mol_876,1.0,,780,0,5,772,3,0.0,1.0,False
1.2,mol_877,1.0,,240,1,1,0,238,0.0,1.0,False
2.29,mol_878,1.0,,180,0,5,55,120,0.0,1.0,False
0.78,mol_879,1.0,,180,0,1,0,179,0.0,1.0,False
0.34,mol_880,1.0,,60,0,1,0,59,0.0,1.0,False
0.24,mol_881,1.0,,60,0,1,0,59,0.0,1.0,False
0.57,mol_882,1.0,,180,0,1,0,179,0.0,1.0,False
0.2,mol_883,1.0,,120,0,3,0,117,0.0,1.0,False
64.83,mol_884,1.0,,780,0,3,777,0,0.0,1.0,False
1.72,mol_885,1.0,,300,0,1,146,153,0.0,1.0,False
3.4,mol_886,1.0,,240,0,1,184,55,0.0,1.0,False
0.29,mol_887,1.0,,120,1,1,0,118,0.0,1.0,False
0.04,mol_888,1.0,,20,0,1,0,19,0.0,1.0,False
2.31,mol_889,1.0,,300,0,3,114,183,0.0,1.0,False
2.12,mol_890,1.0,,360,0,2,118,240,0.0,1.0,False
1.46,mol_891,1.0,,300,0,1,199,100,0.0,1.0,False
1.12,mol_892,1.0,,120,0,2,0,118,0.0,1.0,False
4.87,mol_893,1.0,,540,3,18,433,86,0.0,1.0,False
14.35,mol_894,1.0,,420,0,4,323,93,0.0,1.0,False
8.09,mol_895,1.0,,600,0,9,423,168,0.0,1.0,False
2.24,mol_896,1.0,,420,6,24,130,260,0.0,1.0,False
3.14,mol_897,1.0,,480,2,6,244,228,0.0,1.0,False
0.46,mol_898,1.0,,120,0,1,0,119,0.0,1.0,False
8.27,mol_899,1.0,,540,0,3,352,185,0.0,1.0,False
0.41,mol_900,1.0,,60,0,1,45,14,0.0,1.0,False
7.95,mol_901,1.0,,540,0,4,455,81,0.0,1.0,False
37.92,mol_902,1.0,,600,0,17,120,463,0.0,1.0,False
67.73,mol_903,1.0,,1020,0,23,993,4,0.0,1.0,False
0.81,mol_904,1.0,,240,0,3,76,161,0.0,1.0,False
14.84,mol_905,1.0,,720,0,14,524,182,0.0,1.0,False
3.87,mol_906,1.0,,300,0,1,188,111,0.0,1.0,False
0.89,mol_907,1.0,,120,0,1,0,119,0.0,1.0,False
0.36,mol_908,1.0,,60,0,1,0,59,0.0,1.0,False
0.35,mol_909,1.0,,60,0,1,0,59,0.0,1.0,False
0.35,mol_910,1.0,,240,0,1,0,239,0.0,1.0,False
0.02,mol_911,1.0,,20,2,1,0,17,0.0,1.0,False
0.35,mol_912,1.0,,60,0,1,0,59,0.0,1.0,False
0.62,mol_913,1.0,,180,0,2,0,178,0.0,1.0,False
1.3,mol_914,1.0,,240,0,1,0,239,0.0,1.0,False
5.47,mol_915,1.0,,480,0,16,404,60,0.0,1.0,False
1.66,mol_916,1.0,,300,1,2,0,297,0.0,1.0,False
0.17,mol_917,1.0,,60,0,1,0,59,0.0,1.0,False
66.3,mol_918,1.0,,840,0,2,836,2,0.0,1.0,False
1.26,mol_919,1.0,,300,0,1,0,299,0.0,1.0,False
0.16,mol_920,1.0,,120,0,1,0,119,0.0,1.0,False
20.64,mol_921,1.0,,480,0,6,472,2,0.0,1.0,False
1.52,mol_922,1.0,,360,0,10,240,110,0.0,1.0,False
72.51,mol_923,1.0,,600,0,6,576,18,0.0,1.0,False
4.22,mol_924,1.0,,480,0,9,414,57,0.0,1.0,False
16.75,mol_925,1.0,,780,0,17,762,1,0.0,1.0,False
18.18,mol_926,1.0,,540,0,5,512,23,0.0,1.0,False
1.97,mol_927,1.0,,420,1,4,149,266,0.0,1.0,False
0.56,mol_928,1.0,,240,0,1,0,239,0.0,1.0,False
41.12,mol_929,1.0,,780,0,67,646,67,0.0,1.0,False
4.69,mol_930,1.0,,540,4,7,360,169,0.0,1.0,False
4.01,mol_931,1.0,,360,0,1,1,358,0.0,1.0,False
3.03,mol_932,1.0,,360,1,2,94,263,0.0,1.0,False
0.05,mol_933,1.0,,20,0,1,0,19,0.0,1.0,False
11.29,mol_934,1.0,,540,0,6,106,428,0.0,1.0,False
0.02,mol_935,1.0,,20,0,1,0,19,0.0,1.0,False
0.26,mol_936,1.0,,60,0,1,25,34,0.0,1.0,False
0.3,mol_937,1.0,,60,0,1,0,59,0.0,1.0,False
1.27,mol_938,1.0,,300,0,5,61,234,0.0,1.0,False
1.36,mol_939,1.0,,360,0,1,99,260,0.0,1.0,False
48.54,mol_940,1.0,,600,0,2,588,10,0.0,1.0,False
0.08,mol_941,1.0,,60,0,1,0,59,0.0,1.0,False
7.22,mol_942,1.0,,480,0,1,421,58,0.0,1.0,False
0.44,mol_943,1.0,,180,0,7,17,156,0.0,1.0,False
0.18,mol_944,1.0,,60,0,1,0,59,0.0,1.0,False
10.18,mol_945,1.0,,300,0,2,286,12,0.0,1.0,False
0.76,mol_946,1.0,,240,0,7,44,189,0.0,1.0,False
19.27,mol_947,1.0,,660,0,2,630,28,0.0,1.0,False
1.11,mol_948,1.0,,180,0,2,107,71,0.0,1.0,False
4.9,mol_949,1.0,,480,0,15,357,108,0.0,1.0,False
6.98,mol_950,1.0,,360,0,2,186,172,0.0,1.0,False
2.6,mol_951,1.0,,300,0,2,0,298,0.0,1.0,False
2.81,mol_952,1.0,,180,0,2,38,140,0.0,1.0,False
1.63,mol_953,1.0,,180,1,1,0,178,0.0,1.0,False
0.01,mol_954,1.0,,20,0,1,0,19,0.0,1.0,False
0.39,mol_955,1.0,,120,1,1,0,118,0.0,1.0,False
0.05,mol_956,1.0,,20,0,1,0,19,0.0,1.0,False
25.0,mol_957,1.0,,720,0,6,702,12,0.0,1.0,False
1.13,mol_958,1.0,,240,0,1,73,166,0.0,1.0,False
0.21,mol_959,1.0,,120,0,1,77,42,0.0,1.0,False
2.21,mol_960,1.0,,360,0,6,304,50,0.0,1.0,False
15.59,mol_961,1.0,,720,0,6,712,2,0.0,1.0,False
29.86,mol_962,1.0,,480,0,2,473,5,0.0,1.0,False
0.4,mol_963,1.0,,60,0,1,0,59,0.0,1.0,False
4.17,mol_964,1.0,,240,0,1,212,27,0.0,1.0,False
2.14,mol_965,1.0,,240,0,1,127,112,0.0,1.0,False
119.96,mol_966,1.0,,1080,0,13,1067,0,0.0,1.0,False
44.07,mol_967,1.0,,660,0,6,645,9,0.0,1.0,False
1.18,mol_968,1.0,,180,1,1,0,178,0.0,1.0,False
123.55,mol_969,1.0,,1080,0,6,1074,0,0.0,1.0,False
37.72,mol_970,1.0,,960,0,4,956,0,0.0,1.0,False
0.35,mol_971,1.0,,60,0,1,0,59,0.0,1.0,False
1.49,mol_972,1.0,,300,0,1,0,299,0.0,1.0,False
0.13,mol_973,1.0,,120,0,1,0,119,0.0,1.0,False
0.46,mol_974,1.0,,120,0,1,0,119,0.0,1.0,False
0.7,mol_975,1.0,,240,0,2,0,238,0.0,1.0,False
37.37,mol_976,1.0,,900,0,2,898,0,0.0,1.0,False
3.62,mol_977,1.0,,360,0,1,0,359,0.0,1.0,False
0.3,mol_978,1.0,,60,0,1,0,59,0.0,1.0,False
3.32,mol_979,1.0,,420,0,12,251,157,0.0,1.0,False
8.11,mol_980,1.0,,540,0,17,492,31,0.0,1.0,False
0.04,mol_981,1.0,,20,0,1,0,19,0.0,1.0,False
2.24,mol_982,1.0,,180,0,1,30,149,0.0,1.0,False
15.02,mol_983,1.0,,540,0,10,312,218,0.0,1.0,False
0.21,mol_984,1.0,,180,1,1,0,178,0.0,1.0,False
1.71,mol_985,1.0,,240,0,1,0,239,0.0,1.0,False
8.46,mol_986,1.0,,480,0,3,469,8,0.0,1.0,False
54.57,mol_987,1.0,,660,0,5,633,22,0.0,1.0,False
6.35,mol_988,1.0,,300,0,9,270,21,0.0,1.0,False
2.58,mol_989,1.0,,360,0,1,0,359,0.0,1.0,False
3.09,mol_990,1.0,,420,0,7,361,52,0.0,1.0,False
11.73,mol_991,1.0,,480,0,11,342,127,0.0,1.0,False
6.43,mol_992,1.0,,360,0,3,10,347,0.0,1.0,False
1.24,mol_993,1.0,,360,2,7,63,288,0.0,1.0,False
0.39,mol_994,1.0,,120,1,1,0,118,0.0,1.0,False
2.07,mol_995,1.0,,420,4,14,88,314,0.0,1.0,False
20.12,mol_996,1.0,,480,0,2,477,1,0.0,1.0,False
12.16,mol_997,1.0,,480,0,4,0,476,0.0,1.0,False
1.8,mol_998,1.0,,240,0,1,0,239,0.0,1.0,False
1.21,mol_999,1.0,,360,1,4,0,355,0.0,1.0,False
0.62,mol_1000,1.0,,180,0,1,0,179,0.0,1.0,False
0.14,mol_1001,1.0,,120,0,2,0,118,0.0,1.0,False
0.98,mol_1002,1.0,,180,0,1,0,179,0.0,1.0,False
1.07,mol_1003,1.0,,120,0,1,107,12,0.0,1.0,False
0.55,mol_1004,1.0,,240,2,7,37,194,0.0,1.0,False
0.27,mol_1005,1.0,,20,0,1,0,19,0.0,1.0,False
0.02,mol_1006,1.0,,20,0,1,0,19,0.0,1.0,False
0.7,mol_1007,1.0,,240,0,2,17,221,0.0,1.0,False
0.02,mol_1008,1.0,,20,0,1,0,19,0.0,1.0,False
58.65,mol_1009,1.0,,840,0,2,838,0,0.0,1.0,False
1.32,mol_1010,1.0,,300,0,6,59,235,0.0,1.0,False
8.16,mol_1011,1.0,,480,0,16,176,288,0.0,1.0,False
3.2,mol_1012,1.0,,420,0,20,180,220,0.0,1.0,False
0.04,mol_1013,1.0,,60,0,2,0,58,0.0,1.0,False
4.4,mol_1014,1.0,,360,0,4,0,356,0.0,1.0,False
1.44,mol_1015,1.0,,240,0,1,106,133,0.0,1.0,False
0.24,mol_1016,1.0,,20,0,1,0,19,0.0,1.0,False
0.34,mol_1017,1.0,,120,0,2,0,118,0.0,1.0,False
3.15,mol_1018,1.0,,360,0,3,240,117,0.0,1.0,False
2.61,mol_1019,1.0,,240,0,1,149,90,0.0,1.0,False
1.88,mol_1020,1.0,,180,2,1,119,58,0.0,1.0,False
0.18,mol_1021,1.0,,120,0,2,0,118,0.0,1.0,False
8.97,mol_1022,1.0,,360,0,4,0,356,0.0,1.0,False
1.02,mol_1023,1.0,,120,1,2,19,98,0.0,1.0,False
1.57,mol_1024,1.0,,240,0,1,0,239,0.0,1.0,False
0.23,mol_1025,1.0,,120,0,1,0,119,0.0,1.0,False
62.32,mol_1026,1.0,,1380,0,1,1379,0,0.0,1.0,False
8.17,mol_1027,1.0,,780,0,3,708,69,0.0,1.0,False
9.44,mol_1028,1.0,,540,0,6,465,69,0.0,1.0,False
14.36,mol_1029,1.0,,660,0,1,659,0,0.0,1.0,False
3.15,mol_1030,1.0,,480,1,4,327,148,0.0,1.0,False
23.24,mol_1031,1.0,,540,0,3,534,3,0.0,1.0,False
0.05,mol_1032,1.0,,20,0,1,0,19,0.0,1.0,False
0.23,mol_1033,1.0,,120,0,1,0,119,0.0,1.0,False
25.17,mol_1034,1.0,,780,0,10,620,150,0.0,1.0,False
1.95,mol_1035,1.0,,120,0,1,110,9,0.0,1.0,False
2.28,mol_1036,1.0,,360,0,1,117,242,0.0,1.0,False
11.55,mol_1037,1.0,,600,0,7,221,372,0.0,1.0,False
8.6,mol_1038,1.0,,420,0,3,393,24,0.0,1.0,False
1.48,mol_1039,1.0,,180,0,1,0,179,0.0,1.0,False
39.76,mol_1040,1.0,,480,0,1,476,3,0.0,1.0,False
1.26,mol_1041,1.0,,240,1,1,0,238,0.0,1.0,False
1.03,mol_1042,1.0,,120,0,1,1,118,0.0,1.0,False
0.38,mol_1043,1.0,,60,0,1,0,59,0.0,1.0,False
0.54,mol_1044,1.0,,180,0,2,0,178,0.0,1.0,False
0.15,mol_1045,1.0,,60,1,1,0,58,0.0,1.0,False
3.35,mol_1046,1.0,,300,7,2,0,291,0.0,1.0,False
0.85,mol_1047,1.0,,120,0,2,93,25,0.0,1.0,False
0.19,mol_1048,1.0,,180,0,1,0,179,0.0,1.0,False
0.63,mol_1049,1.0,,180,0,1,0,179,0.0,1.0,False
0.05,mol_1050,1.0,,20,0,1,0,19,0.0,1.0,False
133.23,mol_1051,1.0,,1260,0,1,1259,0,0.0,1.0,False
3.64,mol_1052,1.0,,480,4,15,335,126,0.0,1.0,False
5.8,mol_1053,1.0,,300,0,3,0,297,0.0,1.0,False
0.27,mol_1054,1.0,,120,0,1,0,119,0.0,1.0,False
0.53,mol_1055,1.0,,60,0,1,0,59,0.0,1.0,False
5.67,mol_1056,1.0,,540,9,38,383,110,0.0,1.0,False
7.44,mol_1057,1.0,,480,0,2,438,40,0.0,1.0,False
0.16,mol_1058,1.0,,60,0,1,0,59,0.0,1.0,False
0.06,mol_1059,1.0,,20,0,1,0,19,0.0,1.0,False
0.09,mol_1060,1.0,,20,0,2,5,13,0.0,1.0,False
2.68,mol_1061,1.0,,240,0,3,0,237,0.0,1.0,False
11.95,mol_1062,1.0,,420,0,2,289,129,0.0,1.0,False
10.07,mol_1063,1.0,,660,2,7,646,5,0.0,1.0,False
2.18,mol_1064,1.0,,360,0,3,60,297,0.0,1.0,False
18.29,mol_1065,1.0,,780,0,1,779,0,0.0,1.0,False
0.26,mol_1066,1.0,,120,0,1,58,61,0.0,1.0,False
0.32,mol_1067,1.0,,180,0,5,0,175,0.0,1.0,False
72.05,mol_1068,1.0,,840,0,2,836,2,0.0,1.0,False
0.46,mol_1069,1.0,,180,0,2,0,178,0.0,1.0,False
0.73,mol_1070,1.0,,240,0,1,148,91,0.0,1.0,False
43.5,mol_1071,1.0,,720,0,4,716,0,0.0,1.0,False
0.09,mol_1072,1.0,,20,0,1,0,19,0.0,1.0,False
5.02,mol_1073,1.0,,360,0,3,329,28,0.0,1.0,False
0.7,mol_1074,1.0,,300,0,5,0,295,0.0,1.0,False
1.5,mol_1075,1.0,,240,0,2,0,238,0.0,1.0,False
0.01,mol_1076,1.0,,20,0,1,0,19,0.0,1.0,False
3.16,mol_1077,1.0,,480,0,9,345,126,0.0,1.0,False
2.26,mol_1078,1.0,,360,0,7,202,151,0.0,1.0,False
0.24,mol_1079,1.0,,120,0,1,0,119,0.0,1.0,False
0.84,mol_1080,1.0,,180,0,2,0,178,0.0,1.0,False
0.05,mol_1081,1.0,,60,0,2,0,58,0.0,1.0,False
0.16,mol_1082,1.0,,120,0,1,88,31,0.0,1.0,False
1.23,mol_1083,1.0,,240,0,1,0,239,0.0,1.0,False
1.8,mol_1084,1.0,,240,0,1,0,239,0.0,1.0,False
18.58,mol_1085,1.0,,360,0,2,353,5,0.0,1.0,False
8.64,mol_1086,1.0,,420,0,4,207,209,0.0,1.0,False
3.26,mol_1087,1.0,,300,0,1,194,105,0.0,1.0,False
3.57,mol_1088,1.0,,360,0,5,235,120,0.0,1.0,False
0.06,mol_1089,1.0,,60,0,1,0,59,0.0,1.0,False
8.69,mol_1090,1.0,,480,1,2,303,174,0.0,1.0,False
7.57,mol_1091,1.0,,240,0,7,225,8,0.0,1.0,False
0.47,mol_1092,1.0,,180,0,1,4,175,0.0,1.0,False
5.8,mol_1093,1.0,,360,1,5,155,199,0.0,1.0,False
3.15,mol_1094,1.0,,240,0,1,222,17,0.0,1.0,False
6.06,mol_1095,1.0,,180,1,4,0,175,0.0,1.0,False
11.2,mol_1096,1.0,,540,0,4,437,99,0.0,1.0,False
0.97,mol_1097,1.0,,120,0,1,0,119,0.0,1.0,False
87.63,mol_1098,1.0,,1140,0,6,1134,0,0.0,1.0,False
3.5,mol_1099,1.0,,300,0,3,77,220,0.0,1.0,False
2.12,mol_1100,1.0,,420,2,14,236,168,0.0,1.0,False
0.25,mol_1101,1.0,,120,0,1,0,119,0.0,1.0,False
0.02,mol_1102,1.0,,20,0,1,0,19,0.0,1.0,False
0.48,mol_1103,1.0,,120,0,1,12,107,0.0,1.0,False
2.09,mol_1104,1.0,,420,2,4,253,161,0.0,1.0,False
5.08,mol_1105,1.0,,300,3,1,0,296,0.0,1.0,False
0.38,mol_1106,1.0,,120,0,2,0,118,0.0,1.0,False
6.05,mol_1107,1.0,,240,0,2,184,54,0.0,1.0,False
6.83,mol_1108,1.0,,420,0,2,294,124,0.0,1.0,False
0.08,mol_1109,1.0,,60,0,1,0,59,0.0,1.0,False
4.66,mol_1110,1.0,,360,0,1,217,142,0.0,1.0,False
11.2,mol_1111,1.0,,420,0,6,0,414,0.0,1.0,False
0.15,mol_1112,1.0,,20,0,1,0,19,0.0,1.0,False
4.78,mol_1113,1.0,,540,2,19,416,103,0.0,1.0,False
4.11,mol_1114,1.0,,240,0,2,0,238,0.0,1.0,False
1.55,mol_1115,1.0,,240,0,4,7,229,0.0,1.0,False
0.24,mol_1116,1.0,,180,0,1,0,179,0.0,1.0,False
53.0,mol_1117,1.0,,840,0,53,650,137,0.0,1.0,False
9.91,mol_1118,1.0,,480,0,6,203,271,0.0,1.0,False
1.4,mol_1119,1.0,,300,0,3,49,248,0.0,1.0,False
0.66,mol_1120,1.0,,120,0,1,0,119,0.0,1.0,False
0.34,mol_1121,1.0,,60,0,1,0,59,0.0,1.0,False
0.06,mol_1122,1.0,,20,0,1,0,19,0.0,1.0,False
0.39,mol_1123,1.0,,120,1,1,0,118,0.0,1.0,False
0.02,mol_1124,1.0,,20,0,1,0,19,0.0,1.0,False
4.7,mol_1125,1.0,,360,1,3,200,156,0.0,1.0,False
6.98,mol_1126,1.0,,600,0,6,590,4,0.0,1.0,False
0.74,mol_1127,1.0,,240,0,2,0,238,0.0,1.0,False
6.24,mol_1128,1.0,,420,0,13,298,109,0.0,1.0,False
